Source,Target,Type,Id,Label,timeset,Weight,combined date,endtime,year
luciash,[NEW],Directed,0,[NEW],,28,2009-03-09,2019-03-02,2009
xorti,[FIX],Directed,1,[FIX],,62,2018-03-28,2019-03-02,2018
jonnybradley,[UPD],Directed,3,[UPD],,104,2016-02-01,2019-03-02,2016
jonnybradley,[REF],Directed,4,[REF],,98,2010-07-02,2019-03-02,2010
jonnybradley,[FIX],Directed,5,[FIX],,4544,2009-03-03,2019-03-02,2009
Fabio,[FIX],Directed,6,[FIX],,62,2018-08-14,2019-03-02,2018
Fabio,[ENH],Directed,8,[ENH],,8,2018-12-14,2019-03-02,2018
Fabio,[MOD],Directed,12,[MOD],,2,2019-02-26,2019-03-02,2019
xorti,[NEW],Directed,14,[NEW],,20,2018-03-30,2019-03-02,2018
amnabilal,[FIX],Directed,16,[FIX],,190,2016-05-22,2019-03-02,2016
Fabio,[REF],Directed,26,[REF],,3,2018-12-21,2019-03-02,2018
luciash,[FIX],Directed,29,[FIX],,389,2009-03-01,2019-03-02,2009
lindonb,[FIX],Directed,32,[FIX],,785,2009-05-10,2019-03-02,2009
lindonb,[UI],Directed,33,[UI],,7,2017-01-28,2019-03-02,2017
lindonb,[REF],Directed,35,[REF],,292,2011-12-31,2019-03-02,2011
jonnybradley,[ENH],Directed,45,[ENH],,756,2009-03-03,2019-03-02,2009
jonnybradley,[NEW],Directed,49,[NEW],,97,2009-03-11,2019-03-02,2009
Fabio,[NEW],Directed,64,[NEW],,11,2018-12-12,2019-03-02,2018
robertokir,[ENH],Directed,66,[ENH],,21,2017-07-18,2019-03-02,2017
robertokir,[REL],Directed,71,[REL],,28,2018-01-10,2019-03-02,2018
pom2ter,[FIX],Directed,72,[FIX],,49,2016-02-05,2019-03-02,2016
nelsonko,[FIX],Directed,82,[FIX],,2,2019-02-19,2019-03-02,2019
Polyna-Maude,[FIX],Directed,86,[FIX],,1,2019-02-19,2019-03-02,2019
yonixxx,[FIX],Directed,102,[FIX],,151,2011-10-02,2019-03-02,2011
lyabs243,[ADD],Directed,104,[ADD],,2,2018-11-13,2019-03-02,2018
kafindo,[FIX],Directed,114,[FIX],,1,2019-02-13,2019-03-02,2019
rjsmelo,[FIX],Directed,117,[FIX],,183,2015-10-07,2019-03-02,2015
rjsmelo,[REF],Directed,118,[REF],,109,2017-08-26,2019-03-02,2017
robertokir,[FIX],Directed,133,[FIX],,48,2017-07-27,2019-03-02,2017
Victor,[FIX],Directed,144,[FIX],,4,2019-01-16,2019-03-02,2019
jonnybradley,[REL],Directed,147,[REL],,117,2010-03-10,2019-03-02,2010
xorti,[REF],Directed,168,[REF],,12,2018-04-02,2019-03-02,2018
xorti,[ENH],Directed,170,[ENH],,52,2018-04-14,2019-03-02,2018
Fabio,[UPD],Directed,198,[UPD],,2,2018-09-12,2019-03-02,2018
rjsmelo,[NEW],Directed,199,[NEW],,52,2016-08-22,2019-03-02,2016
luciash,[ENH],Directed,209,[ENH],,118,2009-03-02,2019-03-02,2009
Jyhem,[FIX],Directed,220,[FIX],,324,2009-03-02,2019-03-02,2009
chibaguy,[FIX],Directed,228,[FIX],,1121,2009-03-01,2019-03-02,2009
lyabs243,[FIX],Directed,232,[FIX],,6,2018-09-28,2019-03-02,2018
Jyhem,[ENH],Directed,233,[ENH],,126,2009-03-02,2019-03-02,2009
benitaNK,[ENH],Directed,242,[ENH],,3,2018-11-19,2019-03-02,2018
xavidp,[ENH],Directed,244,[ENH],,110,2009-03-30,2019-03-02,2009
chibaguy,[UPD],Directed,248,[UPD],,138,2017-10-08,2019-03-02,2017
kerzay,[FIX],Directed,255,[FIX],,6,2018-01-24,2019-03-02,2018
xavidp,[FIX],Directed,258,[FIX],,601,2009-03-18,2019-03-02,2009
kroky6,[FIX],Directed,260,[FIX],,246,2016-08-02,2019-03-02,2016
kroky6,[ENH],Directed,261,[ENH],,149,2016-08-09,2019-03-02,2016
kroky6,[MOD],Directed,264,[MOD],,5,2016-11-04,2019-03-02,2016
kerzay,[ENH],Directed,268,[ENH],,3,2018-09-19,2019-03-02,2018
pom2ter,[ENH],Directed,279,[ENH],,4,2016-02-29,2019-03-02,2016
lyabs243,[ENH],Directed,313,[ENH],,3,2018-10-09,2019-03-02,2018
drsassafras,[REF],Directed,314,[REF],,42,2016-11-18,2019-03-02,2016
drsassafras,[FIX],Directed,315,[FIX],,83,2016-10-14,2019-03-02,2016
drsassafras,[NEW],Directed,329,[NEW],,10,2017-01-09,2019-03-02,2017
Benoit,[FIX],Directed,337,[FIX],,4,2018-11-02,2019-03-02,2018
Benoit,[ENH],Directed,355,[ENH],,2,2018-09-18,2019-03-02,2018
drsassafras,[ENH],Directed,371,[ENH],,60,2016-06-14,2019-03-02,2016
lyabs243,[REF],Directed,378,[REF],,1,2018-11-01,2019-03-02,2018
chibaguy,[ENH],Directed,421,[ENH],,202,2009-03-01,2019-03-02,2009
pom2ter,[UPD],Directed,427,[UPD],,2,2018-09-14,2019-03-02,2018
kishiko,[UPD],Directed,459,[UPD],,3,2018-05-21,2019-03-02,2018
yonixxx,[UPD],Directed,514,[UPD],,3,2018-10-14,2019-03-02,2018
Loic,[ENH],Directed,531,[ENH],,1,2018-10-12,2019-03-02,2018
chibaguy,[REF],Directed,574,[REF],,275,2011-01-29,2019-03-02,2011
chibaguy,[UI],Directed,622,[UI],,11,2018-06-19,2019-03-02,2018
kishiko,[NEW],Directed,629,[NEW],,4,2018-05-22,2019-03-02,2018
yonixxx,[ENH],Directed,671,[ENH],,26,2012-11-04,2019-03-02,2012
luciash,[UPD],Directed,684,[UPD],,11,2018-03-19,2019-03-02,2018
bnk18,[FIX],Directed,688,[FIX],,3,2018-09-11,2019-03-02,2018
jonnybradley,[MOD],Directed,703,[MOD],,511,2009-03-03,2019-03-02,2009
amnabilal,[NEW],Directed,708,[NEW],,4,2016-10-04,2019-03-02,2016
rjsmelo,[ENH],Directed,712,[ENH],,75,2015-10-07,2019-03-02,2015
amnabilal,[UPD],Directed,714,[UPD],,11,2017-02-07,2019-03-02,2017
amnabilal,[UI],Directed,724,[UI],,10,2018-07-18,2019-03-02,2018
jonnybradley,[KIL],Directed,730,[KIL],,68,2009-03-04,2019-03-02,2009
amnabilal,[ENH],Directed,748,[ENH],,24,2016-05-21,2019-03-02,2016
jonnybradley,[SVN],Directed,763,[SVN],,34,2009-03-04,2019-03-02,2009
kroky6,[UPD],Directed,781,[UPD],,3,2017-09-21,2019-03-02,2017
jonnybradley,[UI],Directed,827,[UI],,1,2018-09-15,2019-03-02,2018
chibaguy,[SVN],Directed,893,[SVN],,15,2009-03-10,2019-03-02,2009
xorti,[UPD],Directed,909,[UPD],,1,2018-09-01,2019-03-02,2018
Philippe,[REF],Directed,914,[REF],,3,2018-08-28,2019-03-02,2018
chibaguy,[NEW],Directed,919,[NEW],,80,2009-04-21,2019-03-02,2009
Guus,[ENH],Directed,952,[ENH],,2,2018-08-20,2019-03-02,2018
luciash,[REF],Directed,965,[REF],,10,2013-11-21,2019-03-02,2013
yonixxx,[NEW],Directed,980,[NEW],,4,2012-12-02,2019-03-02,2012
luciash,[REL],Directed,992,[REL],,6,2014-05-19,2019-03-02,2014
manasoft404,[FIX],Directed,1074,[FIX],,4,2018-04-16,2019-03-02,2018
luciash,[MOD],Directed,1079,[MOD],,43,2009-03-01,2019-03-02,2009
manasoft404,[MOD],Directed,1105,[MOD],,2,2018-07-13,2019-03-02,2018
manasoft404,[NEW],Directed,1111,[NEW],,1,2018-07-11,2019-03-02,2018
samymwamba,[FIX],Directed,1138,[FIX],,1,2018-07-04,2019-03-02,2018
amnabilal,[New],Directed,1139,[New],,5,2017-10-21,2019-03-02,2017
amnabilal,[MOD],Directed,1191,[MOD],,2,2017-09-29,2019-03-02,2017
lindonb,[ENH],Directed,1231,[ENH],,135,2009-09-08,2019-03-02,2009
kishiko,[ENH],Directed,1288,[ENH],,2,2018-05-17,2019-03-02,2018
montefuscolo,[FIX],Directed,1299,[FIX],,45,2016-11-02,2019-03-02,2016
kishiko,[MOD],Directed,1311,[MOD],,2,2018-05-30,2019-03-02,2018
kishiko,[FIX],Directed,1352,[FIX],,1,2018-05-21,2019-03-02,2018
Serge,[ENH],Directed,1410,[ENH],,2,2018-05-10,2019-03-02,2018
chibaguy,[KIL],Directed,1494,[KIL],,30,2009-04-19,2019-03-02,2009
luciash,[KIL],Directed,1509,[KIL],,15,2009-03-14,2019-03-02,2009
Kishiko,[ENH],Directed,1510,[ENH],,1,2018-04-23,2019-03-02,2018
ricks99,[FIX],Directed,1686,[FIX],,31,2009-03-27,2019-03-02,2009
montefuscolo,[UPD],Directed,1688,[UPD],,1,2018-03-19,2019-03-02,2018
montefuscolo,[NEW],Directed,1706,[NEW],,7,2016-11-03,2019-03-02,2016
lfagundes,[REL],Directed,1719,[REL],,15,2017-12-06,2019-03-02,2017
montefuscolo,[ENH],Directed,1723,[ENH],,14,2016-11-01,2019-03-02,2016
Luis,[FIX],Directed,1732,[FIX],,4,2018-02-27,2019-03-02,2018
Luis,[ENH],Directed,1737,[ENH],,4,2018-03-05,2019-03-02,2018
Roberto,[ENH],Directed,1797,[ENH],,1,2018-02-26,2019-03-02,2018
fmg-sf,[REF],Directed,1829,[REF],,6,2012-10-22,2019-03-02,2012
fmg-sf,[ENH],Directed,1844,[ENH],,83,2012-10-16,2019-03-02,2012
chealer,[REF],Directed,1924,[REF],,495,2010-09-06,2019-03-02,2010
chealer,[FIX],Directed,1930,[FIX],,856,2009-07-31,2019-03-02,2009
lfagundes,[FIX],Directed,1931,[FIX],,16,2017-07-12,2019-03-02,2017
drsassafras,[SEC],Directed,1941,[SEC],,10,2016-06-13,2019-03-02,2016
chealer,[SEC],Directed,2146,[SEC],,8,2009-10-22,2019-03-02,2009
robertokir,[REF],Directed,2257,[REF],,4,2017-08-03,2019-03-02,2017
lfagundes,[ENH],Directed,2312,[ENH],,2,2017-08-02,2019-03-02,2017
lfagundes,[NEW],Directed,2313,[NEW],,2,2017-11-14,2019-03-02,2017
amette,[FIX],Directed,2324,[FIX],,48,2012-06-18,2019-03-02,2012
rjsmelo,[MOD],Directed,2370,[MOD],,15,2015-11-02,2019-03-02,2015
kroky6,[REF],Directed,2396,[REF],,7,2017-07-13,2019-03-02,2017
arildb,[FIX],Directed,2422,[FIX],,463,2011-09-03,2019-03-02,2011
nkoth,[FIX],Directed,2459,[FIX],,896,2009-03-01,2019-03-02,2009
Jyhem,[REF],Directed,2464,[REF],,26,2014-11-20,2019-03-02,2014
amette,[ENH],Directed,2493,[ENH],,68,2012-07-24,2019-03-02,2012
arildb,[REF],Directed,2652,[REF],,12,2012-04-25,2019-03-02,2012
arildb,[ENH],Directed,2673,[ENH],,114,2012-01-14,2019-03-02,2012
arildb,[MOD],Directed,2678,[MOD],,46,2012-03-02,2019-03-02,2012
Jyhem,[NEW],Directed,2735,[NEW],,11,2009-07-01,2019-03-02,2009
robertokir,[NEW],Directed,2764,[NEW],,1,2017-09-13,2019-03-02,2017
robertokir,[ADD],Directed,2830,[ADD],,2,2017-09-02,2019-03-02,2017
rjsmelo,[UPD],Directed,2841,[UPD],,3,2017-01-26,2019-03-02,2017
rjsmelo,[New],Directed,2861,[New],,1,2017-08-20,2019-03-02,2017
pom2ter,[NEW],Directed,2868,[NEW],,2,2017-08-04,2019-03-02,2017
lindonb,[UPD],Directed,3134,[UPD],,10,2016-07-09,2019-03-02,2016
patrick-proulx,[FIX],Directed,3148,[FIX],,87,2014-05-24,2019-03-02,2014
patrick-proulx,[ENH],Directed,3263,[ENH],,99,2014-04-23,2019-03-02,2014
lindonb,[KIL],Directed,3341,[KIL],,12,2012-09-09,2019-03-02,2012
chealer,[ENH],Directed,3347,[ENH],,120,2009-08-02,2019-03-02,2009
marclaporte,[MOD],Directed,3438,[MOD],,161,2009-03-03,2019-03-02,2009
gezzzan,[FIX],Directed,3508,[FIX],,193,2011-07-20,2019-03-02,2011
icc0rz,[FIX],Directed,3535,[FIX],,9,2017-02-23,2019-03-02,2017
gezzzan,[REF],Directed,3546,[REF],,3,2014-11-22,2019-03-02,2014
gezzzan,[ENH],Directed,3547,[ENH],,37,2011-07-19,2019-03-02,2011
patrick-proulx,[MOD],Directed,3550,[MOD],,1,2017-03-29,2019-03-02,2017
icc0rz,[ENH],Directed,3553,[ENH],,4,2017-03-09,2019-03-02,2017
yonixxx,[UI],Directed,3629,[UI],,5,2016-03-16,2019-03-02,2016
gezzzan,[KIL],Directed,3665,[KIL],,4,2017-03-19,2019-03-02,2017
eromneg,[FIX],Directed,3833,[FIX],,101,2009-06-14,2019-03-02,2009
eromneg,[ENH],Directed,3844,[ENH],,55,2010-04-14,2019-03-02,2010
marclaporte,[FIX],Directed,3859,[FIX],,255,2009-03-01,2019-03-02,2009
lindonb,[NEW],Directed,3865,[NEW],,4,2013-07-07,2019-03-02,2013
montefuscolo,[SVN],Directed,3998,[SVN],,2,2017-02-08,2019-03-02,2017
chealer,[KIL],Directed,4019,[KIL],,15,2009-10-14,2019-03-02,2009
drsassafras,[KIL],Directed,4046,[KIL],,9,2016-11-19,2019-03-02,2016
yonixxx,[REL],Directed,4077,[REL],,3,2013-09-30,2019-03-02,2013
drsassafras,[MOD],Directed,4080,[MOD],,2,2017-01-14,2019-03-02,2017
pjollans,[ENH],Directed,4146,[ENH],,4,2016-11-06,2019-03-02,2016
xavidp,[MOD],Directed,4155,[MOD],,54,2009-08-07,2019-03-02,2009
kroky6,[NEW],Directed,4186,[NEW],,9,2016-08-04,2019-03-02,2016
fvtorres,[FIX],Directed,4213,[FIX],,19,2016-07-30,2019-03-02,2016
nkoth,[MOD],Directed,4236,[MOD],,90,2009-03-02,2019-03-02,2009
nkoth,[ENH],Directed,4259,[ENH],,212,2009-12-07,2019-03-02,2009
michelf,[UPD],Directed,4296,[UPD],,1,2016-11-13,2019-03-02,2016
pjollans,[FIX],Directed,4330,[FIX],,3,2016-10-29,2019-03-02,2016
smartingarcia,[FIX],Directed,4332,[FIX],,1,2016-11-07,2019-03-02,2016
smartingarcia,[NEW],Directed,4333,[NEW],,1,2016-11-07,2019-03-02,2016
michelf,[NEW],Directed,4341,[NEW],,2,2016-10-16,2019-03-02,2016
fvtorres,[ENH],Directed,4361,[ENH],,12,2016-07-26,2019-03-02,2016
molnarl,[FIX],Directed,4380,[FIX],,1,2016-11-03,2019-03-02,2016
rjsmelo,[SEC],Directed,4411,[SEC],,1,2016-10-27,2019-03-02,2016
michelf,[FIX],Directed,4426,[FIX],,2,2016-10-16,2019-03-02,2016
uxeric,[ENH],Directed,4493,[ENH],,9,2015-08-19,2019-03-02,2015
lindonb,[MOD],Directed,4569,[MOD],,10,2009-07-12,2019-03-02,2009
jonnybradley,[CSS],Directed,4610,[CSS],,50,2009-03-27,2019-03-02,2009
giograf,[FIX],Directed,4616,[FIX],,6,2016-07-21,2019-03-02,2016
giograf,[ENH],Directed,4704,[ENH],,8,2016-07-22,2019-03-02,2016
muscote,[ENH],Directed,4743,[ENH],,1,2016-08-27,2019-03-02,2016
giograf,[REF],Directed,4761,[REF],,1,2016-08-23,2019-03-02,2016
fvtorres,[NEW],Directed,4817,[NEW],,1,2016-08-09,2019-03-02,2016
fvtorres,[MOD],Directed,4820,[MOD],,1,2016-08-09,2019-03-02,2016
giograf,[NEW],Directed,4839,[NEW],,1,2016-08-02,2019-03-02,2016
yonixxx,[SEC],Directed,4896,[SEC],,1,2016-07-23,2019-03-02,2016
nkoth,[NEW],Directed,4940,[NEW],,86,2010-02-16,2019-03-02,2010
ohertel,[FIX],Directed,5016,[FIX],,8,2011-10-29,2019-03-02,2011
aholmes99,[NEW],Directed,5074,[NEW],,1,2016-05-12,2019-03-02,2016
derceto125,[FIX],Directed,5085,[FIX],,2,2016-04-18,2019-03-02,2016
aholmes99,[ENH],Directed,5096,[ENH],,5,2015-12-22,2019-03-02,2015
patrick-proulx,[NEW],Directed,5124,[NEW],,9,2015-06-26,2019-03-02,2015
aholmes99,[FIX],Directed,5141,[FIX],,1,2016-02-29,2019-03-02,2016
ameoba32,[FIX],Directed,5154,[FIX],,4,2015-12-14,2019-03-02,2015
nkoth,[REL],Directed,5167,[REL],,26,2009-03-02,2019-03-02,2009
gezzzan,[MOD],Directed,5174,[MOD],,200,2011-12-12,2019-03-02,2011
eromneg,[NEW],Directed,5185,[NEW],,4,2012-07-02,2019-03-02,2012
uxeric,[REF],Directed,5206,[REF],,1,2016-02-01,2019-03-02,2016
gezzzan,[NEW],Directed,5372,[NEW],,9,2011-07-19,2019-03-02,2011
sampaioprimo,[ENH],Directed,5382,[ENH],,122,2009-07-13,2019-03-02,2009
xavidp,[NEW],Directed,5393,[NEW],,16,2013-08-09,2019-03-02,2013
aholmes99,[REF],Directed,5398,[REF],,1,2015-12-22,2019-03-02,2015
nkoth,[KIL],Directed,5440,[KIL],,8,2014-04-24,2019-03-02,2014
ameoba32,[NEW],Directed,5531,[NEW],,1,2015-12-03,2019-03-02,2015
mathchartier,[REF],Directed,5571,[REF],,1,2015-11-27,2019-03-02,2015
Jyhem,[REL],Directed,5578,[REL],,12,2015-03-23,2019-03-02,2015
yonixxx,[MOD],Directed,5666,[MOD],,2,2011-11-09,2019-03-02,2011
patrick-proulx,[REF],Directed,5739,[REF],,4,2013-11-20,2019-03-02,2013
minger0,[ENH],Directed,5883,[ENH],,1,2015-09-24,2019-03-02,2015
uxeric,[FIX],Directed,5889,[FIX],,7,2015-08-17,2019-03-02,2015
estheban,[NEW],Directed,5937,[NEW],,1,2015-09-18,2019-03-02,2015
estheban,[REF],Directed,5938,[REF],,1,2015-09-18,2019-03-02,2015
markitosaad,[ENH],Directed,6001,[ENH],,23,2015-07-28,2019-03-02,2015
uxeric,[NEW],Directed,6051,[NEW],,1,2015-08-19,2019-03-02,2015
markitosaad,[FIX],Directed,6060,[FIX],,2,2015-08-14,2019-03-02,2015
arildb,[NEW],Directed,6218,[NEW],,82,2011-09-10,2019-03-02,2011
funkju,[FIX],Directed,6288,[FIX],,2,2015-06-15,2019-03-02,2015
funkju,[NEW],Directed,6308,[NEW],,2,2015-06-09,2019-03-02,2015
minger0,[NEW],Directed,6323,[NEW],,5,2010-08-13,2019-03-02,2010
minger0,[FIX],Directed,6342,[FIX],,10,2010-08-16,2019-03-02,2010
manivannans,[FIX],Directed,6433,[FIX],,87,2013-10-29,2019-03-02,2013
anbumania,[FIX],Directed,6435,[FIX],,19,2015-03-03,2019-03-02,2015
walper,[FIX],Directed,6538,[FIX],,68,2014-11-12,2019-03-02,2014
RobertPlummer,[FIX],Directed,6726,[FIX],,1024,2010-07-02,2019-03-02,2010
walper,[ENH],Directed,6750,[ENH],,8,2015-01-31,2019-03-02,2015
alexandrequessy,[FIX],Directed,6788,[FIX],,4,2014-05-12,2019-03-02,2014
alexandrequessy,[ENH],Directed,6789,[ENH],,21,2014-06-19,2019-03-02,2014
xavidp,[REF],Directed,7210,[REF],,3,2013-12-01,2019-03-02,2013
fmg-sf,[FIX],Directed,7262,[FIX],,54,2012-10-12,2019-03-02,2012
RobertPlummer,[ENH],Directed,7306,[ENH],,328,2010-07-12,2019-03-02,2010
lphuberdeau,[MOD],Directed,7322,[MOD],,923,2009-03-09,2019-03-02,2009
lphuberdeau,[ENH],Directed,7352,[ENH],,541,2009-03-30,2019-03-02,2009
skinut,[ENH],Directed,7354,[ENH],,4,2012-11-20,2019-03-02,2012
walper,[REF],Directed,7414,[REF],,1,2015-02-07,2019-03-02,2015
nkoth,[REF],Directed,7418,[REF],,8,2011-09-04,2019-03-02,2011
fmg-sf,[KIL],Directed,7456,[KIL],,2,2012-11-13,2019-03-02,2012
walper,[NEW],Directed,7508,[NEW],,1,2015-01-31,2019-03-02,2015
lphuberdeau,[FIX],Directed,7621,[FIX],,1049,2009-03-03,2019-03-02,2009
lphuberdeau,[NEW],Directed,7628,[NEW],,236,2009-04-15,2019-03-02,2009
manivannans,[ENH],Directed,7978,[ENH],,17,2013-10-25,2019-03-02,2013
chibaguy,[MOD],Directed,8012,[MOD],,72,2009-03-25,2019-03-02,2009
sampaioprimo,[FIX],Directed,8159,[FIX],,91,2009-05-08,2019-03-02,2009
redflo,[SEC],Directed,8225,[SEC],,1,2014-09-18,2019-03-02,2014
alexandrequessy,[NEW],Directed,8226,[NEW],,1,2014-09-18,2019-03-02,2014
nkoth,[ADD],Directed,8248,[ADD],,1,2014-09-17,2019-03-02,2014
paulgv,[FIX],Directed,8323,[FIX],,3,2014-06-26,2019-03-02,2014
paulgv,[ENH],Directed,8324,[ENH],,7,2014-06-26,2019-03-02,2014
Jyhem,[MOD],Directed,8424,[MOD],,9,2009-07-04,2019-03-02,2009
manivannans,[NEW],Directed,8640,[NEW],,1,2014-07-07,2019-03-02,2014
manivannans,[MOD],Directed,8641,[MOD],,3,2014-06-25,2019-03-02,2014
paulgv,[ADD],Directed,8717,[ADD],,1,2014-06-26,2019-03-02,2014
muscote,[FIX],Directed,8751,[FIX],,4,2012-09-05,2019-03-02,2012
lrrcenter,[REF],Directed,8855,[REF],,1,2014-05-28,2019-03-02,2014
lrrcenter,[ENH],Directed,8856,[ENH],,5,2012-05-16,2019-03-02,2012
lrrcenter,[FIX],Directed,8864,[FIX],,10,2012-05-16,2019-03-02,2012
jshauk,[ADD],Directed,8884,[ADD],,7,2014-03-11,2019-03-02,2014
jshauk,[FIX],Directed,8885,[FIX],,3,2014-03-20,2019-03-02,2014
xavidp,[KIL],Directed,9047,[KIL],,2,2014-04-27,2019-03-02,2014
xavidp,[REL],Directed,9059,[REL],,16,2014-04-24,2019-03-02,2014
jp_eagle,[ENH],Directed,9144,[ENH],,2,2014-04-02,2019-03-02,2014
jp_eagle,[FIX],Directed,9266,[FIX],,2,2014-04-02,2019-03-02,2014
jp_eagle,[MOD],Directed,9430,[MOD],,1,2014-04-02,2019-03-02,2014
luciash,[SEC],Directed,9452,[SEC],,2,2009-03-03,2019-03-02,2009
lindonb,[SEC],Directed,9469,[SEC],,25,2013-03-30,2019-03-02,2013
mickchamp,[FIX],Directed,9655,[FIX],,1,2014-03-12,2019-03-02,2014
dabright,[FIX],Directed,9733,[FIX],,4,2011-01-27,2019-03-02,2011
arildb,[SEC],Directed,9860,[SEC],,9,2013-02-02,2019-03-02,2013
RobertPlummer,[MOD],Directed,9931,[MOD],,36,2010-07-19,2019-03-02,2010
jshauk,[NEW],Directed,9960,[NEW],,2,2014-02-11,2019-03-02,2014
yonixxx,[ADD],Directed,10063,[ADD],,1,2014-02-04,2019-03-02,2014
yonixxx,[CSS],Directed,10161,[CSS],,2,2014-01-24,2019-03-02,2014
RobertPlummer,[NEW],Directed,10203,[NEW],,182,2010-08-26,2019-03-02,2010
tomjrvs,[NEW],Directed,10405,[NEW],,1,2013-12-24,2019-03-02,2013
changi67,[FIX],Directed,10452,[FIX],,244,2009-05-27,2019-03-02,2009
sept_7,[FIX],Directed,10476,[FIX],,261,2009-05-06,2019-03-02,2009
sept_7,[ENH],Directed,10502,[ENH],,85,2009-05-14,2019-03-02,2009
ppttrr,[FIX],Directed,10533,[FIX],,5,2012-07-07,2019-03-02,2012
alain_desilets,[ENH],Directed,10549,[ENH],,13,2010-02-11,2019-03-02,2010
jobicarter,[FIX],Directed,10601,[FIX],,4,2013-11-22,2019-03-02,2013
changi67,[REL],Directed,10703,[REL],,140,2010-03-12,2019-03-02,2010
marclaporte,[REL],Directed,10776,[REL],,15,2009-05-02,2019-03-02,2009
jobicarter,[REF],Directed,11000,[REF],,1,2013-11-14,2019-03-02,2013
omstefanov,[FIX],Directed,11010,[FIX],,7,2013-04-18,2019-03-02,2013
sylvieg,[ENH],Directed,11102,[ENH],,114,2009-12-06,2019-03-02,2009
trosen,[FIX],Directed,11169,[FIX],,1,2013-10-26,2019-03-02,2013
citadelrock,[FIX],Directed,11182,[FIX],,10,2012-05-12,2019-03-02,2012
citadelrock,[ENH],Directed,11187,[ENH],,41,2012-04-24,2019-03-02,2012
amette,[NEW],Directed,11222,[NEW],,10,2012-07-23,2019-03-02,2012
alain_desilets,[FIX],Directed,11266,[FIX],,12,2013-10-02,2019-03-02,2013
alain_desilets,[REF],Directed,11359,[REF],,10,2010-02-12,2019-03-02,2010
alain_desilets,[New],Directed,11363,[New],,7,2013-10-03,2019-03-02,2013
fmg-sf,[MOD],Directed,11712,[MOD],,2,2012-10-17,2019-03-02,2012
changi67,[MOD],Directed,11802,[MOD],,166,2009-06-05,2019-03-02,2009
changi67,[ENH],Directed,11812,[ENH],,75,2010-03-21,2019-03-02,2010
changi67,[ADD],Directed,11813,[ADD],,3,2013-08-22,2019-03-02,2013
pascalstjean,[MOD],Directed,11910,[MOD],,31,2009-12-09,2019-03-02,2009
sylvieg,[FIX],Directed,11915,[FIX],,1158,2009-03-01,2019-03-02,2009
leagris,[FIX],Directed,12018,[FIX],,6,2013-07-24,2019-03-02,2013
pascalstjean,[NEW],Directed,12061,[NEW],,35,2010-01-15,2019-03-02,2010
leagris,[ENH],Directed,12099,[ENH],,1,2013-07-31,2019-03-02,2013
lphuberdeau,[KIL],Directed,12113,[KIL],,21,2009-08-05,2019-03-02,2009
leagris,[ADD],Directed,12134,[ADD],,1,2013-07-25,2019-03-02,2013
syracine,[FIX],Directed,12163,[FIX],,4,2013-07-14,2019-03-02,2013
changi67,[UPD],Directed,12195,[UPD],,1,2013-07-15,2019-03-02,2013
sipherdee,[REL],Directed,12204,[REL],,1,2013-07-14,2019-03-02,2013
nikhar,[FIX],Directed,12230,[FIX],,1,2013-07-09,2019-03-02,2013
mroussel,[FIX],Directed,12701,[FIX],,1,2013-05-16,2019-03-02,2013
kstingel,[REF],Directed,12853,[REF],,19,2012-12-08,2019-03-02,2012
changi67,[NEW],Directed,12855,[NEW],,2,2010-10-16,2019-03-02,2010
omstefanov,[MOD],Directed,12950,[MOD],,2,2013-04-18,2019-03-02,2013
fmg-sf,[NEW],Directed,13091,[NEW],,4,2012-10-16,2019-03-02,2012
rischconsulting,[FIX],Directed,13115,[FIX],,9,2009-09-26,2019-03-02,2009
gaxweb,[FIX],Directed,13247,[FIX],,2,2011-10-04,2019-03-02,2011
arion92fr,[FIX],Directed,13249,[FIX],,1,2013-03-12,2019-03-02,2013
arion92fr,[ENH],Directed,13251,[ENH],,1,2013-03-11,2019-03-02,2013
kstingel,[NEW],Directed,13278,[NEW],,3,2012-04-20,2019-03-02,2012
pkdille,[FIX],Directed,13392,[FIX],,115,2009-03-07,2019-03-02,2009
changi67,[KIL],Directed,13411,[KIL],,3,2011-08-11,2019-03-02,2011
luciash,[SVN],Directed,13485,[SVN],,2,2009-03-02,2019-03-02,2009
changi67,[REF],Directed,13534,[REF],,6,2011-10-02,2019-03-02,2011
kstingel,[ENH],Directed,13565,[ENH],,2,2012-12-04,2019-03-02,2012
kstingel,[FIX],Directed,13626,[FIX],,7,2011-07-15,2019-03-02,2011
sylvieg,[NEW],Directed,13709,[NEW],,94,2009-06-11,2019-03-02,2009
nikejam,[ENH],Directed,13722,[ENH],,1,2012-11-22,2019-03-02,2012
skinut,[FIX],Directed,13726,[FIX],,1,2012-11-20,2019-03-02,2012
Jyhem,[SEC],Directed,13799,[SEC],,5,2009-03-01,2019-03-02,2009
luciash,[ADD],Directed,13809,[ADD],,3,2010-01-27,2019-03-02,2010
jonnybradley,[SEC],Directed,14016,[SEC],,1,2012-10-24,2019-03-02,2012
yonixxx,[Rel],Directed,14070,[Rel],,1,2012-10-19,2019-03-02,2012
kwem,[FIX],Directed,14099,[FIX],,3,2012-10-06,2019-03-02,2012
chibaguy,[CSS],Directed,14415,[CSS],,6,2012-09-18,2019-03-02,2012
amette,[KIL],Directed,14472,[KIL],,1,2012-09-12,2019-03-02,2012
marclaporte,[NEW],Directed,14660,[NEW],,9,2010-02-28,2019-03-02,2010
ricks99,[MOD],Directed,14745,[MOD],,9,2009-03-03,2019-03-02,2009
RobertPlummer,[REF],Directed,14810,[REF],,2,2012-03-29,2019-03-02,2012
mjeanson3,[FIX],Directed,14934,[FIX],,1,2012-07-10,2019-03-02,2012
johndparker,[FIX],Directed,14935,[FIX],,2,2012-07-08,2019-03-02,2012
ppttrr,[ADD],Directed,15060,[ADD],,1,2012-06-30,2019-03-02,2012
grundsch,[FIX],Directed,15512,[FIX],,1,2012-05-25,2019-03-02,2012
lrrcenter,[NEW],Directed,15602,[NEW],,1,2012-05-16,2019-03-02,2012
gta74,[FIX],Directed,15690,[FIX],,12,2011-06-25,2019-03-02,2011
gezzzan,[ADD],Directed,15721,[ADD],,2,2012-01-16,2019-03-02,2012
ricks99,[ENH],Directed,15779,[ENH],,50,2009-03-10,2019-03-02,2009
redflo,[FIX],Directed,15821,[FIX],,2,2009-10-18,2019-03-02,2009
redflo,[REF],Directed,15822,[REF],,1,2012-04-28,2019-03-02,2012
yonixxx,[REF],Directed,15942,[REF],,1,2012-04-19,2019-03-02,2012
pascalstjean,[FIX],Directed,15991,[FIX],,18,2009-12-07,2019-03-02,2009
chealer,[MOD],Directed,16397,[MOD],,14,2009-08-09,2019-03-02,2009
xen216,[FIX],Directed,16692,[FIX],,5,2011-06-22,2019-03-02,2011
Gregmartin,[FIX],Directed,16907,[FIX],,2,2011-12-12,2019-03-02,2011
Gregmartin,[ADD],Directed,16908,[ADD],,2,2011-12-12,2019-03-02,2011
Gregmartin,[NEW],Directed,16911,[NEW],,2,2011-12-11,2019-03-02,2011
pkdille,[REL],Directed,16914,[REL],,12,2009-04-09,2019-03-02,2009
sampaioprimo,[KIL],Directed,17020,[KIL],,12,2009-06-24,2019-03-02,2009
sampaioprimo,[REF],Directed,17028,[REF],,1,2011-11-22,2019-03-02,2011
sampaioprimo,[REL],Directed,17137,[REL],,3,2011-11-07,2019-03-02,2011
chealer,[REL],Directed,17172,[REL],,1,2011-11-03,2019-03-02,2011
jean-lucnavarro,[FIX],Directed,17231,[FIX],,17,2011-07-08,2019-03-02,2011
omstefanov,[ENH],Directed,17305,[ENH],,1,2011-10-24,2019-03-02,2011
nkoth,[SEC],Directed,17430,[SEC],,2,2009-03-01,2019-03-02,2009
oeversetten,[FIX],Directed,17459,[FIX],,14,2011-09-27,2019-03-02,2011
mlustenberg,[ENH],Directed,17564,[ENH],,31,2011-08-23,2019-03-02,2011
mlustenberg,[REF],Directed,17575,[REF],,6,2011-09-04,2019-03-02,2011
mlustenberg,[MOD],Directed,17616,[MOD],,13,2011-08-05,2019-03-02,2011
oeversetten,[MOD],Directed,17646,[MOD],,1,2011-10-04,2019-03-02,2011
mlustenberg,[FIX],Directed,17648,[FIX],,32,2011-07-28,2019-03-02,2011
gaxweb,[MOD],Directed,17664,[MOD],,1,2011-10-04,2019-03-02,2011
gaxweb,[ENH],Directed,17665,[ENH],,1,2011-10-04,2019-03-02,2011
oeversetten,[ENH],Directed,17697,[ENH],,7,2011-09-26,2019-03-02,2011
sampaioprimo,[MOD],Directed,17802,[MOD],,23,2010-06-16,2019-03-02,2010
arildb,[KIL],Directed,17857,[KIL],,2,2011-09-25,2019-03-02,2011
marclaporte,[UI],Directed,18536,[UI],,15,2009-05-14,2019-03-02,2009
mlustenberg,[ADD],Directed,18663,[ADD],,7,2011-07-27,2019-03-02,2011
mlustenberg,[NEW],Directed,18720,[NEW],,1,2011-08-17,2019-03-02,2011
gta74,[ENH],Directed,18981,[ENH],,7,2011-07-17,2019-03-02,2011
xen216,[NEW],Directed,19157,[NEW],,3,2011-06-21,2019-03-02,2011
garypp,[NEW],Directed,19248,[NEW],,1,2011-07-05,2019-03-02,2011
gta74,[MOD],Directed,19268,[MOD],,23,2011-02-13,2019-03-02,2011
xen216,[ADD],Directed,19335,[ADD],,1,2011-06-22,2019-03-02,2011
RobertPlummer,[ADD],Directed,19389,[ADD],,36,2010-09-06,2019-03-02,2010
cdrwhite,[FIX],Directed,19561,[FIX],,21,2010-07-20,2019-03-02,2010
pkdille,[ENH],Directed,19583,[ENH],,3,2010-08-30,2019-03-02,2010
campbe13,[MOD],Directed,19587,[MOD],,3,2009-10-06,2019-03-02,2009
ripero,[FIX],Directed,19602,[FIX],,3,2010-10-02,2019-03-02,2010
daevermann,[FIX],Directed,19725,[FIX],,2,2011-03-16,2019-03-02,2011
nyloth,[FIX],Directed,19878,[FIX],,163,2009-03-02,2019-03-02,2009
nyloth,[NEW],Directed,19903,[NEW],,9,2009-03-02,2019-03-02,2009
dabright,[ENH],Directed,19944,[ENH],,1,2011-02-26,2019-03-02,2011
nyloth,[ENH],Directed,19963,[ENH],,21,2009-03-03,2019-03-02,2009
eromneg,[MOD],Directed,20153,[MOD],,22,2009-06-07,2019-03-02,2009
cyberdrek,[FIX],Directed,20211,[FIX],,1,2011-02-05,2019-03-02,2011
sept_7,[MOD],Directed,20236,[MOD],,2,2009-08-08,2019-03-02,2009
sept_7,[SEC],Directed,20268,[SEC],,3,2010-02-19,2019-03-02,2010
nyloth,[MOD],Directed,20278,[MOD],,16,2009-03-03,2019-03-02,2009
trebly,[ENH],Directed,20397,[ENH],,2,2011-01-26,2019-03-02,2011
chealer,[NEW],Directed,20603,[NEW],,2,2010-05-24,2019-03-02,2010
nyloth,[SEC],Directed,20610,[SEC],,2,2009-05-03,2019-03-02,2009
killianebel,[FIX],Directed,20710,[FIX],,22,2010-12-07,2019-03-02,2010
killianebel,[MOD],Directed,20716,[MOD],,17,2010-12-07,2019-03-02,2010
sampaioprimo,[NEW],Directed,20718,[NEW],,17,2009-06-24,2019-03-02,2009
killianebel,[ADD],Directed,20722,[ADD],,6,2010-12-15,2019-03-02,2010
trebly,[FIX],Directed,20734,[FIX],,1,2010-12-21,2019-03-02,2010
sacados1,[MOD],Directed,20817,[MOD],,1,2010-12-10,2019-03-02,2010
cdrwhite,[NEW],Directed,20840,[NEW],,3,2010-07-20,2019-03-02,2010
sylvieg,[MOD],Directed,20986,[MOD],,222,2009-03-03,2019-03-02,2009
sdoh,[FIX],Directed,21101,[FIX],,4,2010-08-31,2019-03-02,2010
pkdille,[MOD],Directed,21254,[MOD],,241,2009-03-08,2019-03-02,2009
marclaporte,[ENH],Directed,21399,[ENH],,40,2009-03-01,2019-03-02,2009
pascalstjean,[ENH],Directed,21440,[ENH],,4,2010-01-19,2019-03-02,2010
niclone,[FIX],Directed,21478,[FIX],,8,2009-09-18,2019-03-02,2009
niclone,[NEW],Directed,21486,[NEW],,2,2010-07-23,2019-03-02,2010
ricks99,[UI],Directed,21597,[UI],,3,2009-07-30,2019-03-02,2009
rischconsulting,[ENH],Directed,21623,[ENH],,2,2009-05-06,2019-03-02,2009
marclaporte,[KIL],Directed,21637,[KIL],,13,2009-08-31,2019-03-02,2009
cdrwhite,[ENH],Directed,21810,[ENH],,9,2010-07-21,2019-03-02,2010
cdrwhite,[MOD],Directed,21911,[MOD],,1,2010-07-30,2019-03-02,2010
niclone,[MOD],Directed,22243,[MOD],,1,2010-06-12,2019-03-02,2010
jacmoe2,[FIX],Directed,22249,[FIX],,6,2010-05-08,2019-03-02,2010
jacmoe2,[ENH],Directed,22251,[ENH],,3,2010-05-07,2019-03-02,2010
bubi,[FIX],Directed,22277,[FIX],,2,2010-05-20,2019-03-02,2010
jacmoe2,[MOD],Directed,22281,[MOD],,1,2010-06-05,2019-03-02,2010
frank_p,[MOD],Directed,22519,[MOD],,6,2010-03-21,2019-03-02,2010
frank_p,[ADD],Directed,22671,[ADD],,1,2010-03-21,2019-03-02,2010
frank_p,[FIX],Directed,22674,[FIX],,1,2010-03-21,2019-03-02,2010
pascalstjean,[KIL],Directed,23029,[KIL],,6,2010-02-25,2019-03-02,2010
pkdille,[NEW],Directed,23212,[NEW],,1,2010-02-19,2019-03-02,2010
alain_desilets,[MOD],Directed,23599,[MOD],,1,2010-02-05,2019-03-02,2010
ricks99,[NEW],Directed,23765,[NEW],,3,2010-01-13,2019-03-02,2010
eoyslebo,[ENH],Directed,23823,[ENH],,1,2010-01-18,2019-03-02,2010
m_stef,[FIX],Directed,23997,[FIX],,4,2009-05-31,2019-03-02,2009
jacmoe2,[NEW],Directed,24241,[NEW],,1,2009-12-13,2019-03-02,2009
zchermit,[MOD],Directed,24464,[MOD],,4,2009-06-09,2019-03-02,2009
zchermit,[FIX],Directed,24465,[FIX],,15,2009-05-31,2019-03-02,2009
nagendra016,[FIX],Directed,24484,[FIX],,5,2009-05-05,2019-03-02,2009
dexl_2000,[MOD],Directed,24505,[MOD],,6,2009-06-02,2019-03-02,2009
bergmann,[FIX],Directed,24825,[FIX],,4,2009-10-14,2019-03-02,2009
bergmann,[NEW],Directed,24826,[NEW],,1,2009-10-14,2019-03-02,2009
axold,[FIX],Directed,24961,[FIX],,4,2009-09-30,2019-03-02,2009
chealer,[ADD],Directed,24971,[ADD],,1,2009-10-10,2019-03-02,2009
mangapower,[MOD],Directed,25012,[MOD],,13,2009-08-04,2019-03-02,2009
axold,[MOD],Directed,25076,[MOD],,28,2009-08-04,2019-03-02,2009
mangapower,[FIX],Directed,25089,[FIX],,4,2009-08-07,2019-03-02,2009
robferguson,[FIX],Directed,25129,[FIX],,1,2009-10-02,2019-03-02,2009
obnoxxx,[FIX],Directed,25275,[FIX],,1,2009-09-25,2019-03-02,2009
pkdille,[KIL],Directed,25440,[KIL],,3,2009-05-12,2019-03-02,2009
ricks99,[new],Directed,25442,[new],,2,2009-09-13,2019-03-02,2009
kerrnel22,[MOD],Directed,25466,[MOD],,4,2009-09-03,2019-03-02,2009
kerrnel22,[FIX],Directed,25559,[FIX],,1,2009-09-02,2019-03-02,2009
duebel,[ENH],Directed,25631,[ENH],,1,2009-08-27,2019-03-02,2009
rlopezs,[MOD],Directed,25640,[MOD],,9,2009-06-22,2019-03-02,2009
rlopezs,[ENH],Directed,25642,[ENH],,8,2009-04-22,2019-03-02,2009
sept_7,[KIL],Directed,25714,[KIL],,2,2009-08-08,2019-03-02,2009
Kissaki,[FIX],Directed,25758,[FIX],,3,2009-07-29,2019-03-02,2009
Kissaki,[KIL],Directed,25759,[KIL],,1,2009-08-17,2019-03-02,2009
mangapower,[ADD],Directed,25839,[ADD],,1,2009-08-12,2019-03-02,2009
axold,[NEW],Directed,25840,[NEW],,1,2009-08-12,2019-03-02,2009
mangapower,[NEW],Directed,26001,[NEW],,1,2009-08-03,2019-03-02,2009
axold,[ADD],Directed,26032,[ADD],,2,2009-08-02,2019-03-02,2009
Kissaki,[ENH],Directed,26087,[ENH],,4,2009-07-26,2019-03-02,2009
omstefanov,[NEW],Directed,26257,[NEW],,1,2009-07-04,2019-03-02,2009
aproulx,[MOD],Directed,26303,[MOD],,3,2009-04-08,2019-03-02,2009
zchermit,[ENH],Directed,26351,[ENH],,1,2009-06-17,2019-03-02,2009
dexl_2000,[FIX],Directed,26383,[FIX],,4,2009-06-02,2019-03-02,2009
dexl_2000,[ENH],Directed,26385,[ENH],,1,2009-06-15,2019-03-02,2009
marc-etienne,[FIX],Directed,26415,[FIX],,1,2009-06-11,2019-03-02,2009
dexl_2000,[NEW],Directed,26504,[NEW],,4,2009-06-02,2019-03-02,2009
zchermit,[NEW],Directed,26581,[NEW],,1,2009-05-27,2019-03-02,2009
wggley,[FIX],Directed,26638,[FIX],,6,2009-05-07,2019-03-02,2009
nyloth,[KIL],Directed,26639,[KIL],,2,2009-05-22,2019-03-02,2009
sacra,[ENH],Directed,26654,[ENH],,1,2009-05-21,2019-03-02,2009
mrjc,[REL],Directed,26684,[REL],,7,2009-05-15,2019-03-02,2009
mrjc,[ENH],Directed,26688,[ENH],,1,2009-05-18,2019-03-02,2009
nyloth,[REL],Directed,26732,[REL],,19,2009-04-09,2019-03-02,2009
wggley,[ENH],Directed,26786,[ENH],,2,2009-05-13,2019-03-02,2009
awolfff,[FIX],Directed,26833,[FIX],,1,2009-05-12,2019-03-02,2009
awolfff,[ENH],Directed,26834,[ENH],,2,2009-05-12,2019-03-02,2009
mrjc,[FIX],Directed,26848,[FIX],,1,2009-05-11,2019-03-02,2009
aproulx,[ADD],Directed,26935,[ADD],,5,2009-04-08,2019-03-02,2009
matwho,[FIX],Directed,26940,[FIX],,5,2009-05-03,2019-03-02,2009
campbe13,[FIX],Directed,26996,[FIX],,5,2009-03-03,2019-03-02,2009
conner_bw,[FIX],Directed,27055,[FIX],,2,2009-05-03,2019-03-02,2009
fantoms,[FIX],Directed,27103,[FIX],,1,2009-04-30,2019-03-02,2009
c_schmitz,[MOD],Directed,27392,[MOD],,1,2009-04-12,2019-03-02,2009
sewilco,[FIX],Directed,27424,[FIX],,1,2009-04-10,2019-03-02,2009
sewilco,[ENH],Directed,27428,[ENH],,4,2009-03-01,2019-03-02,2009
slordjette,[FIX],Directed,27457,[FIX],,1,2009-04-08,2019-03-02,2009
Jyhem,[UI],Directed,27557,[UI],,2,2009-03-13,2019-03-02,2009
pkdille,[SEC],Directed,27767,[SEC],,1,2009-03-17,2019-03-02,2009
